cpu_usage,memory_usage,error_rate,response_time,failure
71.15,22.0,5.5,1193.73,0
74.14,91.37,1.74,2167.42,0
37.49,60.43,0.53,1074.3,0
63.6,37.64,11.79,4066.21,0
84.47,75.85,6.81,861.85,1
46.93,27.42,1.93,4252.72,0
84.57,78.38,10.72,4868.27,1
64.16,86.35,12.37,4322.36,1
76.37,23.67,4.56,1518.0,0
38.62,28.08,5.56,3214.85,0
49.61,36.76,5.34,4689.61,0
68.73,33.69,14.58,900.67,0
99.16,71.2,11.14,3454.61,1
82.08,38.32,0.64,1645.72,0
36.88,95.43,17.53,1641.92,1
51.65,93.16,9.18,1397.91,0
64.91,41.02,11.69,4499.33,1
37.55,99.8,10.19,545.46,0
28.77,70.2,15.84,2168.58,0
50.53,99.69,10.58,4858.28,1
20.92,77.66,13.63,2731.15,0
71.28,28.92,8.7,2323.25,0
90.07,41.07,10.01,975.39,1
89.64,43.88,12.78,3083.95,1
81.0,63.15,15.57,2698.73,1
45.93,21.56,18.58,4405.74,1
44.6,24.63,17.56,4740.05,1
58.88,25.54,15.21,3852.59,0
58.02,63.98,5.3,4374.92,1
36.94,63.14,14.6,1085.64,0
99.61,71.99,8.76,2636.12,1
37.98,47.05,11.77,1227.56,0
25.68,70.49,4.58,4536.56,0
25.67,39.04,13.38,1149.76,0
94.84,65.68,9.45,3944.64,1
35.23,27.75,8.62,2175.54,0
78.33,73.87,19.68,582.25,1
47.14,88.93,4.97,1032.02,0
53.75,42.28,5.0,4624.0,0
88.91,64.03,1.01,4996.48,1
97.52,94.11,16.97,914.92,1
37.1,52.08,1.17,1956.97,0
41.22,82.73,9.1,2172.74,1
99.63,64.46,14.37,858.5,1
97.5,66.33,10.84,3765.08,1
66.73,60.23,17.05,871.42,1
26.41,34.87,11.9,3408.54,0
29.59,91.22,4.92,3013.14,0
53.54,66.69,10.46,4680.06,1
77.3,39.09,7.92,3391.28,0
45.29,80.15,1.45,2345.6,0
99.69,25.86,4.26,1399.48,0
90.47,90.34,7.39,872.96,1
76.28,68.93,19.74,3304.48,1
85.37,43.95,13.27,4700.76,1
29.23,28.56,11.06,1434.51,0
77.41,36.29,12.68,1393.52,0
92.43,87.69,1.85,2175.52,1
20.28,81.69,12.74,1383.58,0
64.13,54.21,0.19,468.69,0
92.31,63.65,16.69,2954.3,1
30.2,44.66,17.98,4001.0,1
91.91,36.81,4.99,603.69,0
90.73,52.51,12.41,857.31,1
89.17,98.1,16.22,4418.94,1
78.93,46.57,18.62,4030.95,1
84.86,41.34,15.75,629.67,1
88.69,37.79,16.33,2355.49,1
83.63,38.21,0.47,1046.34,0
89.15,97.35,5.58,3243.26,1
98.49,62.9,18.78,665.17,1
34.29,97.0,5.31,631.17,0
78.28,45.09,12.12,2605.97,1
66.13,40.38,14.18,108.29,0
63.08,77.55,14.84,3386.08,1
25.6,73.14,6.6,1638.19,0
77.58,44.03,6.19,2101.13,0
43.65,30.18,8.41,4707.78,0
92.22,69.24,6.02,2784.89,1
42.95,54.39,11.6,3308.06,0
55.37,37.1,9.46,4515.79,1
33.58,26.78,10.31,3201.41,0
85.47,80.09,13.46,1200.74,1
21.95,39.59,9.5,4263.71,0
53.16,70.38,3.89,3512.14,0
39.52,72.48,0.11,3779.73,0
28.53,54.01,3.52,4794.03,0
24.02,39.94,16.97,2336.66,0
73.41,99.03,11.91,4755.19,1
69.01,77.54,10.1,4169.79,1
91.78,79.49,9.49,1370.04,1
71.01,81.27,10.43,3171.07,1
26.2,42.86,5.43,1666.58,0
31.07,38.5,13.88,3561.45,0
52.61,63.41,8.32,1113.49,0
92.39,66.73,13.91,4297.99,1
50.43,20.47,7.04,3792.03,0
96.27,53.52,14.95,2776.05,1
37.64,37.55,8.72,242.22,0
74.33,52.35,3.3,2390.21,0
69.78,22.16,7.88,2865.52,0
71.42,30.86,9.23,346.39,0
36.93,46.15,15.22,1957.72,0
86.55,40.18,1.64,194.98,0
99.99,48.0,13.0,3928.04,1
80.34,95.97,3.99,199.86,0
30.1,73.56,11.28,1168.03,0
81.35,33.42,12.14,3764.84,1
85.54,97.18,2.16,225.82,0
74.19,96.65,7.93,3603.57,1
75.25,70.18,2.04,3885.16,1
68.03,29.68,19.68,3934.91,1
54.27,49.65,10.12,1772.03,0
85.79,28.44,19.22,3214.37,1
76.58,54.84,14.68,4830.82,1
84.66,63.05,9.67,2234.32,1
41.47,88.14,16.61,524.65,1
39.51,57.18,12.21,1957.05,0
88.08,34.55,4.24,4009.38,0
90.43,76.09,5.53,149.74,1
26.85,77.61,9.77,3815.01,1
71.67,59.27,15.86,555.96,1
75.34,44.5,11.63,2418.98,1
54.04,79.67,6.62,3543.99,1
40.11,29.65,3.85,685.82,0
80.98,34.81,4.33,2472.57,0
98.13,61.97,5.66,592.58,0
38.2,34.36,0.28,2717.26,0
97.94,64.27,13.95,718.77,1
59.27,89.82,11.48,2400.05,1
34.75,24.11,18.82,2440.87,0
52.06,25.93,12.59,362.68,0
65.03,44.31,19.88,680.41,1
68.51,83.26,4.51,2660.61,1
55.42,88.81,19.8,1596.36,1
68.77,79.21,18.95,1118.16,1
72.83,32.56,3.48,467.82,0
56.04,67.5,5.83,1234.23,0
76.24,56.32,13.75,4627.16,1
70.0,72.89,18.67,2183.18,1
71.81,92.67,16.53,449.91,1
44.61,79.92,11.38,1514.19,0
75.09,75.98,18.85,2552.31,1
26.44,23.19,8.64,1679.38,0
27.31,96.95,16.72,2918.48,1
99.97,73.78,5.39,297.14,1
57.64,72.12,18.32,989.3,1
70.78,59.34,1.82,1805.01,0
73.61,88.62,6.6,3499.0,1
95.62,85.09,11.0,2328.65,1
45.86,97.61,8.08,2621.52,1
72.61,63.41,8.26,1019.15,0
80.52,70.03,15.2,1097.44,1
94.21,55.05,13.97,694.99,1
68.71,39.14,3.17,2799.11,0
27.46,99.38,18.26,2361.09,1
86.57,59.87,14.33,2593.47,1
86.78,98.42,4.87,2801.2,1
93.75,60.66,17.59,4333.73,1
83.2,53.2,18.68,2587.91,1
42.63,43.88,11.74,4994.62,1
31.89,63.09,6.9,2804.4,0
56.43,45.74,3.77,3517.74,0
38.68,82.04,0.87,3749.06,0
84.91,50.89,13.27,4121.66,1
59.63,22.96,10.05,2991.88,0
89.94,55.22,10.52,2338.95,1
52.8,72.38,3.09,2400.5,0
47.08,75.42,13.0,4273.65,1
88.75,50.4,6.33,3621.72,1
89.79,22.87,1.37,3192.69,0
99.79,79.74,8.68,582.37,1
89.81,55.49,13.88,4526.78,1
83.69,43.47,7.5,813.29,0
65.27,83.4,3.4,486.94,0
69.58,39.27,18.26,801.28,1
40.32,40.43,0.19,4042.7,0
74.21,32.64,8.83,1793.27,0
71.12,53.94,5.0,4241.99,1
50.78,58.66,4.74,2902.42,0
99.42,43.62,19.56,3325.33,1
65.27,74.86,14.89,340.32,1
59.74,92.33,5.72,4014.41,1
48.19,70.93,12.42,3421.05,1
72.73,87.07,12.56,4526.68,1
44.71,55.27,11.59,3688.56,0
43.61,79.8,3.51,747.58,0
97.72,62.47,18.27,4169.32,1
85.98,58.55,16.13,3758.14,1
29.21,97.03,2.82,4835.85,1
77.94,98.4,19.35,4042.48,1
83.25,21.11,10.73,2328.45,0
73.79,66.76,16.45,4707.43,1
38.71,22.0,17.68,2850.9,0
37.71,25.06,16.48,4556.0,0
52.66,31.18,18.93,1591.39,0
27.78,90.98,2.71,2322.85,0
79.45,95.68,8.38,3737.12,1
53.19,27.92,9.79,2099.77,0
22.62,49.64,8.87,4757.72,0
27.95,74.85,10.89,4891.43,1
51.85,35.18,2.44,4255.36,0
73.02,71.34,11.94,204.65,1
39.49,30.07,11.29,436.19,0
36.57,37.28,17.39,1709.94,0
92.04,20.23,17.17,808.97,0
40.05,33.96,13.22,226.32,0
83.2,39.03,6.48,953.81,0
79.34,62.09,14.91,2433.61,1
61.06,28.72,10.08,4732.54,0
82.66,89.36,10.43,2344.41,1
24.87,58.32,8.03,3461.88,0
92.78,25.88,1.62,3080.66,0
42.0,70.65,10.97,1693.41,1
62.44,56.3,12.11,585.97,0
88.22,72.07,15.38,3632.12,1
56.12,38.28,6.78,2322.14,0
27.61,54.14,13.3,1934.08,0
93.84,25.37,16.64,556.83,0
79.1,84.94,11.13,2973.68,1
46.37,29.78,7.07,3360.17,0
89.45,77.68,19.37,3042.01,1
66.23,37.02,13.13,1198.8,0
87.63,49.4,15.25,2913.09,1
87.61,97.96,16.37,3106.51,1
22.1,94.33,16.59,1410.49,0
76.22,44.72,6.8,129.92,0
65.31,52.06,2.84,3202.54,0
79.69,37.21,8.4,1770.39,0
77.73,82.15,11.35,516.29,1
32.59,69.43,13.48,1433.3,0
58.85,55.36,5.46,3799.22,0
54.39,42.66,13.57,2484.5,1
23.63,51.62,11.99,137.67,0
36.9,30.98,5.11,1707.8,0
79.76,34.06,7.6,3547.99,1
86.67,84.5,1.44,4322.65,1
21.5,93.69,17.24,2921.22,1
76.76,53.42,2.3,202.2,0
84.11,69.45,16.64,4606.87,1
87.56,39.47,11.78,2667.42,1
44.82,47.16,6.66,923.85,0
29.12,60.8,18.12,1811.94,1
85.52,85.2,4.73,817.58,0
68.19,80.82,13.11,968.02,1
59.53,80.36,15.2,2299.64,1
65.16,70.82,12.49,4334.81,1
32.08,25.46,8.84,1583.82,0
24.49,60.59,6.21,2314.38,0
86.54,26.14,17.29,4290.94,1
60.57,57.02,11.09,3979.91,1
55.98,84.79,13.04,1675.48,1
32.07,24.95,2.07,4505.72,0
77.15,60.36,3.45,1313.94,0
55.15,61.82,3.17,1926.97,0
52.7,47.07,11.96,3967.21,1
25.27,27.56,13.57,1492.32,0
72.53,92.51,17.47,1733.47,1
31.31,47.99,19.35,3522.55,1
67.6,95.04,6.19,1945.73,1
85.05,73.61,16.58,3720.0,1
62.11,71.68,8.47,1872.96,0
34.42,37.14,18.95,2482.73,0
31.01,26.17,16.89,595.59,0
86.81,90.69,0.75,1750.15,1
30.48,50.14,3.24,4173.59,0
84.72,33.24,8.75,2113.21,0
39.0,55.54,5.7,3767.83,0
62.72,44.76,16.17,2398.18,1
49.43,95.77,19.69,2362.23,1
50.55,62.2,19.33,4102.77,1
31.07,40.0,12.82,4383.17,0
28.21,87.67,17.02,1496.81,1
41.82,92.42,2.95,2243.62,0
37.76,56.09,6.99,230.68,0
60.16,38.86,19.89,1937.07,1
94.47,87.13,13.0,3977.77,1
42.95,86.38,13.92,780.08,1
55.89,20.42,1.58,1354.03,0
63.9,78.18,10.56,644.82,0
44.09,23.82,8.4,3990.11,0
28.87,92.41,11.93,180.53,0
39.36,31.49,8.58,3112.57,0
53.33,73.15,1.71,4875.81,0
62.08,60.59,19.77,2815.34,1
57.61,70.85,19.62,1342.89,1
83.08,47.58,14.66,3178.46,1
78.81,46.6,0.89,2775.47,0
34.01,82.33,9.29,3507.41,1
84.92,25.05,15.52,2342.63,1
23.5,35.96,0.84,4673.52,0
99.13,63.44,5.07,3791.13,1
48.56,82.47,17.32,1726.43,1
49.44,91.16,14.87,4483.72,1
97.9,59.7,9.95,4629.12,1
84.09,78.17,1.58,3052.02,1
63.64,45.7,1.6,3338.5,0
68.21,54.09,13.8,1822.58,0
89.6,48.2,19.96,1445.32,1
95.83,26.0,12.75,1880.22,1
74.35,96.22,2.86,3077.11,1
22.78,25.38,15.57,1895.01,0
65.38,68.41,13.58,4749.24,1
81.05,65.91,10.59,2050.37,1
39.97,29.08,14.71,2545.32,0
64.93,40.94,5.21,2286.74,0
42.85,93.32,9.82,700.92,0
56.16,91.89,8.9,530.17,0
87.64,45.57,6.95,418.2,0
91.31,88.11,14.24,4643.89,1
83.5,60.7,2.43,1084.8,0
83.23,22.1,11.08,1907.66,1
64.13,68.96,1.72,1615.52,0
77.51,62.06,15.38,4134.36,1
97.79,71.39,9.0,3432.53,1
90.24,82.42,12.8,991.62,1
54.61,92.86,1.11,708.39,0
33.17,45.81,14.19,1795.51,0
91.59,87.67,5.01,3211.78,1
30.01,44.23,10.67,2562.61,0
95.33,32.34,13.17,3631.1,1
87.4,65.09,16.5,239.03,1
71.32,66.14,13.02,3858.1,1
71.12,59.84,12.54,1519.39,1
58.64,84.38,13.7,1557.43,1
24.79,55.17,9.69,1099.71,0
45.01,77.47,14.68,4317.81,1
30.46,49.64,11.23,1663.67,0
41.4,39.83,1.94,1522.04,0
69.23,39.86,17.31,882.53,0
66.21,45.02,15.26,2541.5,1
59.9,44.68,0.46,4731.64,0
97.33,37.21,7.06,347.65,0
90.59,72.34,9.41,2729.78,1
54.47,90.6,14.55,3842.9,1
52.05,65.62,3.89,2810.79,0
60.34,81.15,5.59,4946.54,1
29.5,98.01,7.88,3995.0,1
95.12,80.4,3.98,2594.7,1
23.62,30.96,6.66,2421.35,0
68.5,61.24,6.56,3104.03,0
99.25,79.15,5.98,1748.23,1
62.59,76.7,6.0,4097.17,1
73.9,98.39,11.67,4004.1,1
75.04,22.13,9.49,4838.65,1
82.09,66.21,14.43,2959.26,1
70.32,69.58,16.82,824.1,1
22.53,95.86,2.2,192.79,0
32.11,75.24,8.21,3897.36,1
89.83,78.87,1.25,776.6,0
46.0,72.98,10.51,1637.39,0
92.97,47.39,7.09,3882.75,1
71.46,75.47,12.2,1042.09,1
64.65,37.99,19.46,1558.31,1
36.58,76.4,6.34,1809.14,0
83.63,41.88,2.44,3415.45,0
98.41,85.47,19.09,4042.62,1
43.01,77.13,6.93,2267.64,0
58.33,36.17,10.77,4671.82,1
30.98,69.25,11.74,1288.04,0
62.48,71.04,1.05,2125.18,0
28.04,81.66,0.1,2796.73,0
52.55,94.8,17.57,2439.5,1
97.11,45.69,12.92,4548.89,1
65.93,62.81,14.46,4689.68,1
34.01,90.58,3.52,4606.21,1
51.76,59.63,18.73,4814.44,1
90.14,20.74,11.36,625.77,0
42.76,99.13,10.87,2520.17,1
88.08,57.44,3.86,651.97,0
56.71,40.58,3.72,3709.43,0
65.42,80.58,3.51,4295.12,1
86.16,61.22,1.73,3379.35,0
31.25,45.89,4.96,1377.85,0
80.3,96.32,6.04,3642.12,1
72.29,75.42,1.24,679.3,0
52.43,60.2,17.9,3547.43,1
29.39,93.29,5.9,3111.66,0
30.69,32.25,14.95,3068.12,0
63.94,57.67,10.75,3354.06,1
39.8,80.38,17.46,501.16,1
76.3,26.25,11.28,402.61,0
60.44,65.82,3.0,1707.78,0
29.3,36.43,11.66,545.61,0
84.7,56.27,10.26,2338.31,1
56.99,84.55,14.47,2040.15,1
79.66,66.26,0.91,1788.19,0
99.53,94.77,1.38,4675.5,1
52.71,81.52,15.32,4893.83,1
53.63,99.43,7.65,4361.14,1
50.05,74.62,13.24,2742.57,1
47.82,34.28,10.75,2691.33,0
37.82,20.28,0.45,1561.98,0
63.56,62.55,16.47,1312.81,1
42.05,94.99,14.5,652.94,1
53.54,81.28,17.68,176.66,1
28.07,22.69,11.96,3546.1,0
79.24,52.18,4.69,1164.62,0
24.52,60.31,5.79,4097.35,0
45.51,67.83,13.45,1671.26,0
31.46,72.82,4.42,1572.45,0
95.88,90.38,18.23,3167.37,1
59.65,97.78,18.83,3389.58,1
45.5,53.31,2.98,1944.65,0
57.88,87.95,6.01,3567.13,1
93.18,64.99,19.36,2830.71,1
39.43,36.27,12.93,4618.91,1
27.4,77.97,3.81,1415.46,0
68.23,89.89,3.76,3832.31,1
64.71,58.35,17.39,1731.53,1
21.23,94.97,19.24,674.85,1
58.31,39.41,12.09,1102.11,0
64.17,82.04,7.61,2714.89,1
40.92,61.03,9.95,583.18,0
57.56,87.18,18.29,1916.45,1
65.0,37.7,2.92,1377.79,0
66.33,53.41,3.05,1716.34,0
86.67,59.94,13.09,3455.75,1
85.73,97.32,12.83,2503.92,1
83.6,33.54,14.41,2492.75,1
63.37,71.34,1.17,265.74,0
95.62,73.46,15.29,2120.72,1
38.51,76.57,0.18,2578.09,0
69.43,73.34,12.33,2467.7,1
20.53,64.13,0.24,2694.15,0
98.2,21.37,16.26,3402.76,1
92.78,28.56,1.93,829.6,0
62.12,85.22,5.35,2044.79,0
52.48,65.2,19.8,1206.7,1
87.83,72.3,17.16,3821.97,1
50.34,64.22,1.12,146.31,0
59.99,54.71,15.69,2872.7,1
27.63,62.25,0.85,1135.94,0
91.0,58.04,0.93,464.31,0
91.94,65.08,0.66,4650.96,1
96.92,66.96,15.05,3592.29,1
26.15,33.0,4.81,4189.79,0
91.72,46.54,15.11,785.76,1
77.93,60.06,19.49,363.11,1
87.09,47.25,15.38,4778.81,1
81.88,22.37,5.47,4963.67,1
48.46,95.29,8.64,3430.5,1
26.86,69.49,15.96,3594.23,1
32.34,76.93,12.68,3724.31,1
28.52,20.42,6.17,1863.6,0
30.6,34.99,8.98,2818.23,0
22.1,48.31,1.86,3030.41,0
50.82,43.35,7.76,515.03,0
92.42,98.25,11.44,930.96,1
31.11,44.09,9.86,410.01,0
53.69,58.74,1.54,1333.33,0
70.0,67.5,3.91,624.16,0
95.91,46.58,12.4,4039.97,1
46.78,85.24,17.19,4873.7,1
45.65,95.78,4.02,1639.5,0
97.5,43.32,13.9,2505.94,1
39.39,50.08,16.33,2025.38,0
65.11,67.38,10.91,3440.39,1
96.24,56.93,14.17,2248.43,1
75.43,85.52,15.91,2104.79,1
70.67,39.36,13.17,3604.66,1
25.92,99.26,9.58,2063.94,0
93.63,75.34,10.87,3974.53,1
91.64,62.95,12.76,516.41,1
72.61,48.4,12.94,317.05,1
74.2,51.97,15.05,4832.01,1
20.84,40.7,10.21,2642.11,0
66.02,55.66,7.82,3884.48,1
60.04,47.6,0.49,612.29,0
96.94,29.29,18.81,794.21,1
56.43,36.55,9.66,2433.2,0
75.74,45.51,6.01,4069.91,0
87.93,71.84,13.54,905.34,1
39.51,33.96,3.2,2843.26,0
38.55,52.4,3.69,3238.35,0
22.34,69.13,3.95,3001.8,0
76.38,36.46,15.05,4062.78,1
28.14,89.76,3.74,1697.33,0
40.99,89.01,10.55,3231.63,1
68.9,66.96,6.96,4243.04,1
85.1,76.48,5.95,3110.97,1
30.72,29.43,6.11,996.92,0
60.87,53.46,2.76,1980.18,0
70.84,75.47,12.91,4999.51,1
59.17,31.22,6.29,2309.9,0
48.72,20.77,2.73,4094.56,0
60.44,59.6,13.69,2136.59,1
59.1,26.61,0.62,3829.18,0
41.99,63.01,3.36,2340.87,0
81.27,63.98,2.26,659.61,0
85.86,49.35,16.45,303.89,1
63.71,99.18,2.05,4167.35,1
43.82,99.95,8.99,1808.03,1
55.13,99.52,15.51,1261.04,1
67.03,48.05,14.22,3200.58,1
31.14,36.53,4.14,390.85,0
42.49,63.1,6.47,3549.86,0
41.39,88.64,19.71,3428.57,1
97.02,82.86,18.38,4963.18,1
30.15,89.29,4.99,3585.83,1
80.92,74.1,9.79,2929.39,1
53.14,56.16,12.67,4412.61,1
61.25,42.26,18.73,1908.45,1
46.18,20.2,15.48,3690.35,1
56.68,73.13,7.16,410.32,0
37.43,54.37,4.24,1415.83,0
47.02,66.23,11.32,2478.16,0
74.6,23.87,1.99,3941.06,0
29.94,88.61,8.83,103.31,0
36.19,75.09,2.64,3284.99,0
94.62,41.92,13.09,1326.91,1
92.3,33.24,7.93,1597.0,0
38.73,72.44,14.07,105.32,0
30.62,38.1,13.6,145.51,0
85.37,99.05,8.45,747.66,1
50.65,78.46,2.05,1635.42,0
30.97,81.88,15.06,752.42,1
31.43,62.44,0.17,3285.1,0
77.79,70.25,3.03,2117.38,1
88.8,26.94,2.01,3786.98,0
50.72,97.06,6.29,785.17,0
26.74,64.27,12.0,3077.21,0
75.24,87.83,13.17,1578.08,1
60.76,79.83,5.91,367.39,0
96.37,59.59,2.25,2547.95,1
62.26,98.22,19.74,4676.23,1
88.87,65.47,7.31,3446.42,1
96.36,81.63,0.33,430.91,0
23.19,24.84,15.79,2582.39,0
60.08,53.23,14.04,503.9,0
69.28,42.2,6.2,2605.39,0
84.64,62.91,7.81,3208.04,1
74.48,25.29,13.97,3676.8,1
24.63,26.9,8.69,2321.52,0
44.74,79.34,14.81,685.27,1
76.12,33.11,19.06,2662.73,1
77.66,33.36,2.54,3927.51,0
90.91,81.71,0.59,4054.83,1
25.11,76.99,11.53,477.64,0
48.81,59.97,11.34,1901.67,0
28.23,65.91,14.46,1219.18,0
23.52,89.03,4.89,2411.65,0
32.01,94.49,17.15,2809.04,1
79.25,53.55,6.44,2139.66,1
41.7,26.23,7.46,2560.0,0
34.35,84.35,19.63,4774.99,1
57.21,42.58,16.9,1703.77,1
20.64,36.05,11.28,1589.16,0
57.11,67.34,9.87,3885.8,1
92.04,80.84,4.9,131.25,0
38.64,47.71,16.79,4398.27,1
20.12,72.58,16.98,3663.35,1
62.39,39.05,9.84,393.49,0
76.93,27.44,18.43,4496.71,1
76.07,49.8,19.49,516.02,1
30.68,85.6,1.5,2882.32,0
97.14,38.94,5.22,1643.54,0
76.06,78.83,6.36,1432.58,0
36.22,82.39,11.69,861.51,0
57.28,52.52,10.72,4826.71,1
44.66,41.2,2.4,872.32,0
86.11,75.75,0.81,4196.03,1
27.3,39.86,7.11,2615.95,0
40.81,99.25,0.62,2081.52,0
79.85,39.99,9.24,4039.09,1
20.96,86.43,19.65,740.5,1
49.78,70.42,12.89,2953.39,1
85.02,21.74,1.29,4522.23,0
30.3,92.41,16.59,1724.59,1
56.88,33.44,11.48,4126.26,1
22.36,74.66,3.46,1152.11,0
42.39,90.67,0.69,3133.97,0
43.61,52.96,11.01,398.8,0
30.98,35.96,17.69,2676.49,0
84.17,83.59,19.79,3931.39,1
63.56,58.77,18.25,2561.73,1
34.39,45.51,4.38,4489.25,0
24.69,99.32,10.59,3857.53,1
97.92,28.01,13.14,1405.98,1
93.38,24.47,19.93,1175.12,1
83.79,48.38,16.78,4241.58,1
67.4,84.5,13.95,4578.5,1
76.04,95.8,11.27,2859.23,1
99.04,90.53,9.84,1614.36,1
27.22,38.61,4.38,2679.6,0
93.43,36.12,2.61,3612.99,1
87.54,45.89,0.44,2974.38,0
81.95,87.72,17.21,4806.74,1
95.35,51.65,2.02,1578.65,0
32.6,95.9,15.84,4807.24,1
33.94,97.5,13.87,4651.34,1
37.86,67.12,3.51,1603.43,0
30.19,78.31,18.98,4748.62,1
99.54,97.21,0.65,3051.7,1
97.4,37.67,11.31,4689.77,1
79.63,39.04,19.65,922.65,1
27.1,76.72,12.78,4444.6,1
41.22,39.96,1.36,1357.62,0
20.1,50.87,14.65,4848.6,1
59.45,50.3,10.92,597.0,0
89.12,72.08,13.74,897.02,1
87.66,43.59,6.37,4763.14,1
33.61,50.04,14.64,2780.53,1
27.45,67.52,12.27,2465.41,0
95.4,33.2,17.8,869.81,1
36.44,35.2,13.94,3637.99,0
41.22,42.52,4.75,343.21,0
87.19,32.29,7.22,2195.27,0
72.96,68.02,3.99,226.1,0
43.34,26.55,16.88,1610.93,0
59.13,72.88,1.82,2766.22,0
90.84,49.55,8.92,1390.15,1
38.1,41.48,1.23,3785.95,0
26.86,47.5,10.83,4856.46,0
64.29,87.26,16.37,2151.3,1
89.35,57.99,17.63,2433.69,1
92.22,77.14,10.04,4512.23,1
74.2,69.62,2.41,3810.22,0
98.75,97.77,16.17,718.31,1
99.06,54.83,19.95,3173.41,1
40.63,92.86,18.28,428.36,1
51.79,46.09,5.52,2344.97,0
82.92,69.84,10.45,2156.01,1
31.86,67.03,15.17,4704.28,1
65.01,28.08,5.72,2724.6,0
52.87,50.64,9.71,3083.91,0
42.03,31.51,12.17,3498.94,0
91.17,46.52,4.75,3754.17,1
91.76,21.62,16.35,1584.97,1
59.33,75.69,1.96,4357.61,0
97.94,55.45,16.52,1420.16,1
71.64,35.03,4.23,4137.45,0
80.76,89.38,16.42,2624.82,1
44.89,60.54,2.71,4271.35,0
22.32,35.42,16.66,4201.19,0
56.52,93.44,14.09,1442.49,1
60.41,70.83,2.48,249.76,0
67.52,34.21,17.41,2975.71,1
33.08,91.56,14.98,3475.37,1
50.93,33.03,11.45,4828.1,1
71.79,74.22,5.38,2106.59,0
82.42,81.41,0.18,4566.43,1
68.09,20.68,5.05,4044.92,0
97.36,71.42,8.48,1944.73,1
40.16,57.34,13.54,4139.12,1
28.18,60.92,13.25,4232.09,1
71.79,68.72,5.97,629.71,0
99.07,71.25,17.23,1379.62,1
91.39,43.9,3.0,3850.82,1
84.43,84.19,12.0,3336.6,1
77.7,72.43,19.95,1371.19,1
51.06,22.83,14.16,2903.01,0
78.12,37.79,10.69,3946.0,1
73.75,60.59,16.91,4219.13,1
34.49,27.81,2.56,1367.39,0
81.03,34.65,13.59,1744.6,0
48.42,79.54,6.14,3961.64,1
40.84,43.52,17.02,2405.63,1
66.69,95.54,1.42,4458.19,1
89.4,50.53,5.97,364.9,0
30.99,36.02,8.18,2890.08,0
56.61,45.31,14.31,3916.81,1
70.48,34.15,12.69,123.1,0
80.9,33.49,15.29,2498.93,1
27.04,69.16,12.67,2076.63,0
50.67,23.02,3.99,1928.2,0
45.78,86.66,3.81,3416.07,1
39.91,75.48,6.89,731.76,0
67.09,33.36,16.48,1561.19,0
78.23,67.71,6.76,4451.07,1
47.42,92.11,7.19,1023.29,0
93.46,52.27,4.57,3663.13,1
78.73,67.18,3.38,1896.3,0
22.99,90.12,5.12,2720.19,0
99.57,72.96,13.07,196.73,1
53.34,50.42,10.95,2424.54,0
75.62,70.42,6.02,3342.16,1
41.6,68.45,2.74,4170.2,0
77.5,29.42,2.28,620.69,0
35.98,41.04,10.46,1088.2,0
43.63,23.15,9.93,1117.7,0
46.45,20.22,13.43,4543.71,1
73.52,31.93,1.8,2607.36,0
28.1,40.47,4.62,4944.46,0
57.14,27.98,3.49,293.28,0
84.13,45.02,14.77,565.49,1
23.67,88.16,13.27,935.51,0
55.02,69.74,17.57,555.46,1
34.63,52.06,19.25,1431.98,0
88.05,83.99,12.98,4004.86,1
75.69,24.69,18.85,881.04,1
67.26,84.18,13.57,988.18,1
48.69,22.31,13.69,4208.83,1
30.45,93.63,2.26,2115.29,0
40.93,45.14,14.09,3421.85,1
66.13,65.2,19.56,3382.24,1
61.85,76.05,1.9,3342.39,0
47.66,74.1,7.7,4211.26,1
99.02,24.37,12.87,868.94,1
88.15,89.55,1.5,2509.08,1
97.61,24.03,4.45,3252.25,0
38.8,56.73,16.03,2295.68,1
55.77,29.5,9.95,3301.53,0
52.99,64.57,0.0,545.39,0
69.53,44.37,10.17,1113.57,0
96.03,49.07,1.09,1192.3,0
64.81,69.58,9.46,3320.12,1
29.12,80.75,4.43,1772.65,0
97.15,43.36,10.44,3540.27,1
33.13,31.24,14.34,3635.64,0
68.87,35.0,18.6,2025.19,1
82.51,77.34,2.16,2130.9,1
87.0,67.1,15.44,2307.47,1
96.5,30.77,9.98,2698.79,1
94.82,87.11,9.66,2590.83,1
34.18,66.28,14.61,729.07,0
68.04,90.62,10.08,1984.85,1
93.27,80.99,5.47,4821.61,1
56.23,30.67,8.25,3530.07,0
43.91,76.12,17.21,3588.18,1
70.61,36.07,12.48,1523.84,0
73.79,98.51,13.0,4795.8,1
75.54,45.79,2.31,1825.97,0
65.65,73.37,8.35,3764.56,1
42.87,87.78,16.17,2661.38,1
31.63,73.62,4.0,3775.91,0
42.93,40.04,16.79,3483.91,1
80.29,22.58,16.28,602.15,1
79.16,89.19,14.85,2850.23,1
82.74,83.91,5.75,3356.02,1
51.0,96.54,19.52,1632.0,1
21.04,40.11,12.41,3926.53,0
86.4,92.92,14.09,3273.4,1
63.73,68.27,15.52,4825.02,1
34.19,74.61,3.74,951.6,0
50.18,54.28,11.13,737.33,0
40.4,46.45,14.19,858.55,0
45.81,24.07,18.65,3116.48,1
59.24,65.81,7.16,3941.75,1
37.6,34.71,1.36,2575.19,0
62.96,27.36,4.42,1145.43,0
48.86,37.48,15.05,2699.44,1
85.9,98.49,0.18,3377.8,1
92.36,69.1,12.42,4798.59,1
45.67,93.27,18.9,1990.79,1
42.63,92.91,16.44,1937.29,1
55.64,23.51,17.97,1043.31,0
95.86,33.39,19.13,2736.08,1
25.24,73.63,15.47,4338.26,1
28.31,63.02,14.05,4883.5,1
71.72,95.18,14.94,853.4,1
46.54,27.0,1.09,3991.65,0
66.0,38.21,5.17,2001.36,0
54.64,21.35,13.47,2720.69,0
69.47,80.48,11.71,3534.32,1
94.24,28.49,15.74,1576.62,1
81.22,55.01,7.9,3337.54,1
62.68,30.91,7.82,4007.67,0
96.81,31.53,13.55,4579.43,1
78.35,49.85,18.99,2812.27,1
29.86,20.4,11.93,2732.05,0
44.38,79.86,18.07,1784.87,1
71.67,61.0,3.22,1181.86,0
35.55,34.51,15.99,4276.03,1
94.59,99.55,9.23,2793.36,1
25.39,27.86,14.51,2487.23,0
30.26,72.44,2.0,3135.63,0
45.42,56.05,12.33,1597.81,0
65.24,49.16,6.33,2198.71,0
39.69,37.72,14.8,2237.01,0
30.74,78.64,17.56,2367.96,1
44.44,64.13,3.52,3072.48,0
88.7,31.2,10.77,1389.85,1
26.12,26.03,0.37,2585.17,0
66.55,52.41,11.8,4540.89,1
63.48,99.9,9.44,3898.47,1
37.86,81.77,14.66,1525.9,1
60.83,51.74,10.04,3347.12,1
84.52,69.12,3.32,2619.27,1
34.33,95.9,13.19,4841.9,1
58.68,48.7,4.38,2489.45,0
49.55,23.42,4.14,4547.86,0
57.57,56.37,0.93,4904.89,0
76.3,61.71,16.59,4190.87,1
63.55,33.91,13.07,1889.95,0
86.84,61.33,7.53,4545.49,1
48.23,89.42,9.74,2462.34,1
60.15,31.12,3.31,477.73,0
36.92,34.95,7.24,3614.78,0
38.43,84.89,14.41,2459.43,1
36.86,32.9,16.67,209.99,0
65.88,32.89,12.59,292.04,0
24.47,40.66,3.6,4795.37,0
65.09,21.49,14.39,3342.55,0
26.86,55.94,19.86,4349.78,1
86.43,68.07,15.89,4120.22,1
72.77,41.16,14.48,1779.09,1
67.25,38.39,7.71,631.99,0
88.77,60.35,8.4,832.85,0
58.07,69.18,0.78,3940.95,0
29.4,58.58,2.61,3057.03,0
91.76,81.99,12.98,2658.02,1
23.48,62.39,4.59,4031.27,0
50.5,67.12,14.83,3831.54,1
27.82,30.71,9.54,1239.31,0
42.66,90.14,8.17,1026.2,0
83.15,66.24,2.36,135.25,0
75.02,45.27,7.25,858.42,0
40.29,88.4,8.47,1891.66,0
74.45,80.4,8.26,3940.56,1
49.62,64.39,5.08,1602.6,0
76.44,78.86,17.1,3330.49,1
55.73,75.94,3.24,1150.84,0
47.08,64.05,13.94,3563.27,1
97.17,20.42,1.82,812.11,0
54.83,25.13,4.44,492.19,0
50.75,98.76,12.28,2652.93,1
67.8,95.66,16.4,3237.43,1
36.14,72.55,16.08,1501.43,0
67.96,61.27,4.63,930.47,0
39.14,20.02,3.15,4984.4,0
48.25,51.61,11.72,2636.94,0
25.49,27.21,5.69,4165.85,0
47.85,97.06,5.53,3071.18,0
94.38,65.99,5.22,2094.96,1
25.79,43.54,18.94,4034.42,1
90.09,85.05,11.5,3501.54,1
65.05,81.6,15.15,4810.07,1
56.86,66.95,0.55,669.71,0
70.69,99.54,13.54,1226.66,1
96.44,61.32,0.19,4177.67,1
27.44,73.9,16.42,472.54,0
58.12,48.28,17.89,1418.47,1
74.65,92.79,9.98,1078.37,1
89.82,36.54,4.06,1323.51,0
32.48,28.54,18.4,3411.48,1
69.11,81.14,10.83,307.09,1
69.65,59.39,19.71,4495.3,1
59.26,98.75,18.32,1473.31,1
66.13,24.33,15.99,2443.77,1
60.2,51.5,13.73,956.52,1
75.86,56.81,13.78,157.92,0
66.48,46.03,12.26,1372.53,0
38.97,57.71,12.26,1893.03,0
36.84,76.06,7.45,4286.2,0
34.39,30.49,11.52,1219.98,0
41.6,38.86,8.64,1966.33,0
96.73,31.96,16.11,965.38,1
99.64,87.95,10.34,3630.75,1
44.0,64.97,11.36,2052.17,0
24.8,85.11,9.53,3186.32,0
46.77,48.88,11.21,4666.04,1
21.59,29.7,17.35,4819.27,0
66.07,71.93,3.49,3923.51,1
73.86,59.0,14.73,4459.2,1
42.92,70.54,2.9,921.12,0
46.99,70.5,11.43,4259.61,1
32.96,38.26,6.34,1527.65,0
71.57,41.7,8.9,4327.75,1
66.95,97.24,8.28,1001.04,0
78.22,72.96,18.81,3533.41,1
33.35,28.24,1.28,4405.59,0
22.11,51.76,15.3,507.93,0
32.42,72.39,17.71,1615.92,0
42.73,70.12,2.63,4208.74,0
73.08,88.83,6.5,2433.16,1
63.25,41.79,8.9,4850.76,1
34.16,67.81,12.62,3215.67,1
61.88,71.16,6.19,1801.12,0
84.38,55.35,7.32,1373.05,0
20.01,85.23,16.96,1785.04,1
20.67,93.77,18.94,2437.63,1
54.43,43.43,4.62,135.37,0
52.94,64.84,7.9,900.02,0
51.18,50.27,5.26,2168.97,0
81.16,92.8,16.15,3454.74,1
79.43,84.7,8.26,4282.06,1
43.17,70.95,12.35,1433.46,0
35.02,21.55,0.99,2721.36,0
28.18,41.54,14.3,3662.82,0
32.05,59.49,6.84,1626.73,0
99.84,57.09,15.83,1718.22,1
96.13,24.48,15.51,449.79,1
35.38,87.32,16.35,4158.44,1
81.45,39.92,15.42,2270.51,1
22.68,56.87,15.42,2653.58,1
57.83,74.52,6.24,1683.01,0
23.37,94.99,10.42,1341.23,0
35.9,91.0,17.27,1167.16,1
70.63,45.96,3.35,1452.89,0
83.13,20.71,0.84,3939.03,0
67.7,49.71,1.79,872.72,0
69.49,94.47,19.94,3163.15,1
71.57,76.11,15.83,716.55,1
98.53,83.08,15.13,4047.07,1
35.44,75.14,7.16,760.19,0
58.82,55.0,5.89,3515.49,0
34.93,47.81,14.65,1449.09,0
93.16,64.36,1.38,859.62,0
41.07,49.37,0.01,3226.33,0
34.84,21.5,17.14,3902.48,0
77.68,72.66,10.78,1998.71,1
59.8,64.12,12.26,1680.74,1
28.84,61.86,1.33,4192.45,0
89.88,36.17,9.71,583.89,0
86.9,72.63,10.52,3536.44,1
49.31,68.48,1.42,4658.03,0
59.31,91.18,1.6,4025.0,0
64.64,95.06,8.32,1908.44,1
85.89,41.27,0.81,444.9,0
95.57,96.85,1.94,3653.34,1
35.16,62.1,4.98,3164.09,0
79.94,53.21,2.11,3229.26,0
56.7,73.22,17.66,917.37,1
52.12,47.0,3.16,4992.32,0
48.19,45.21,19.83,1690.81,1
81.13,54.45,14.52,3081.23,1
37.11,81.26,18.52,1345.04,1
55.8,51.77,14.53,4916.49,1
61.41,99.47,6.04,1571.64,0
88.46,21.74,16.44,3479.62,1
64.29,64.51,18.52,858.1,1
48.45,31.07,7.34,2952.56,0
84.89,27.35,8.0,4597.62,1
77.89,83.43,3.46,4145.96,1
66.1,92.61,11.9,1571.93,1
66.1,26.28,1.12,3877.42,0
85.37,53.32,17.36,4361.95,1
72.22,68.18,0.23,3909.35,0
44.38,23.29,10.8,832.94,0
37.66,24.04,14.63,2025.13,0
67.61,60.38,4.44,1519.94,0
30.58,26.6,11.43,341.62,0
26.81,60.15,15.48,738.84,0
64.74,59.03,13.04,1060.89,1
78.85,39.7,1.43,3906.18,0
93.93,27.17,13.43,2175.35,1
45.66,67.51,0.48,1593.61,0
69.3,99.21,8.84,814.51,1
85.45,35.97,7.48,3812.9,1
28.99,24.36,18.98,4640.98,1
85.61,21.1,13.88,645.26,0
21.82,36.72,10.76,1098.63,0
40.69,58.64,14.6,792.6,0
21.47,66.64,13.27,313.06,0
42.72,83.14,12.36,360.12,0
20.67,51.09,5.43,4275.21,0
89.14,21.53,17.35,3282.11,1
50.46,98.13,1.99,1645.73,0
62.52,34.91,10.01,2344.13,0
21.72,39.79,10.59,1734.49,0
32.56,47.74,7.04,3163.63,0
98.26,60.1,16.24,3166.38,1
91.23,85.19,0.59,2819.2,1
32.14,91.77,13.14,530.2,0
96.85,69.0,12.51,1214.4,1
32.22,97.64,18.19,1713.5,1
36.54,31.09,10.83,4020.51,0
44.72,76.41,10.48,762.74,0
98.06,31.61,18.66,4593.85,1
64.59,95.89,2.37,1656.23,1
78.17,81.23,17.6,2128.8,1
55.44,94.7,17.88,4672.93,1
82.33,28.54,3.69,3835.99,0
41.35,65.36,4.62,1237.69,0
48.74,75.05,9.53,2561.39,1
76.96,49.92,17.04,2508.08,1
35.46,22.58,15.29,173.57,0
53.04,79.39,19.76,3813.11,1
94.17,98.85,17.34,2500.72,1
56.6,39.74,8.1,304.95,0
50.43,45.03,12.23,3738.09,1
62.02,90.06,15.74,2651.18,1
86.16,23.39,19.92,2641.64,1
78.81,64.62,10.32,3190.18,1
43.29,51.84,6.09,4155.34,0
53.8,69.05,1.09,2633.15,0
86.39,56.14,14.45,654.54,1
95.03,75.69,2.71,2126.44,1
34.31,67.23,14.25,1089.47,0
40.01,75.34,18.14,4002.78,1
29.88,29.13,8.99,1878.42,0
50.73,83.29,10.23,4753.79,1
50.45,81.46,18.25,2870.91,1
32.01,89.51,3.58,3589.03,0
44.76,81.49,8.93,3169.62,0
30.53,36.23,12.45,1340.24,0
88.43,63.48,0.12,4425.24,1
67.11,58.06,8.2,489.08,0
39.58,63.79,12.4,2831.99,1
23.91,31.86,13.07,279.93,0
73.36,87.04,5.97,4609.89,1
53.36,34.26,13.44,3094.34,1
67.6,82.98,3.55,2331.16,1
94.52,27.45,5.99,1905.99,0
25.41,54.19,11.01,1534.88,0
75.57,41.95,10.54,2670.77,1
68.96,28.74,14.59,3182.0,1
58.69,75.09,18.68,4932.76,1
68.71,45.32,10.51,4975.62,1
30.38,65.01,10.39,3196.1,0
34.39,68.75,14.17,4898.36,1
21.92,70.04,2.36,4255.54,0
99.92,53.12,6.68,2846.04,1
20.9,36.09,5.63,3971.96,0
60.54,45.91,0.12,3460.6,0
77.95,69.28,0.58,960.58,0
47.03,73.8,18.32,4006.55,1
58.52,70.18,17.84,2731.14,1
82.72,53.12,14.85,4192.02,1
78.0,45.24,10.72,1120.49,0
83.96,91.04,7.07,4851.11,1
22.49,98.69,12.53,4227.79,1
51.17,67.62,17.29,3782.55,1
45.16,22.53,8.28,2535.57,0
56.15,96.06,4.32,1581.36,0
82.8,82.22,18.27,2274.49,1
58.61,60.0,3.8,4625.82,1
61.89,82.04,2.87,4371.82,1
95.04,74.14,2.65,3650.4,1
77.09,61.79,0.08,4668.45,1
67.54,26.97,9.34,326.08,0
72.72,45.0,11.55,1629.5,1
45.67,35.4,5.53,1663.83,0
29.41,31.95,5.47,174.76,0
61.12,36.53,7.01,1660.58,0
76.35,42.66,4.9,449.09,0
47.1,55.49,2.6,2406.6,0
28.47,24.3,8.53,977.02,0
67.42,86.89,13.99,3119.95,1
85.4,77.03,13.42,2714.08,1
80.46,57.26,2.64,4082.97,1
57.46,56.45,13.69,3580.06,1
38.54,37.9,17.22,3123.02,1
51.37,75.97,13.3,3965.02,1
56.26,22.42,9.51,1822.06,0
33.66,81.44,12.09,724.23,0
85.4,83.74,6.52,3282.31,1
62.62,52.07,8.27,3142.29,1
97.91,50.71,6.81,4088.19,1
82.75,54.83,15.75,2768.18,1
73.01,26.23,18.62,2913.52,1
67.37,57.03,11.1,4127.91,1
96.47,25.57,2.17,4088.93,1
50.31,59.54,13.2,543.61,0
90.98,92.26,12.72,100.9,1
31.94,62.5,7.8,2931.86,0
74.52,45.33,11.41,4574.7,1
95.47,54.78,19.65,1786.9,1
20.65,98.91,8.08,725.02,0
49.54,63.91,1.06,3546.44,0
48.74,88.9,17.31,1252.68,1
51.54,45.45,7.66,1969.67,0
73.0,57.99,3.76,1984.52,0
87.2,32.34,19.95,3383.32,1
25.74,21.26,14.43,2484.84,0
99.22,26.77,12.84,2137.69,1
83.11,68.35,8.51,981.01,1
64.16,56.0,7.11,1010.38,0
66.24,87.74,4.73,2558.47,1
63.69,49.36,19.56,2883.93,1
29.05,58.52,13.81,796.23,0
98.69,98.69,15.58,2378.19,1
91.19,27.08,9.45,3734.26,1
26.25,70.7,15.96,1631.25,0
47.48,82.28,9.38,2612.05,1
78.71,53.68,19.21,4011.29,1
22.83,93.83,14.99,3662.16,1
24.91,57.85,3.38,352.94,0
84.71,69.95,5.74,504.3,0
88.12,42.23,2.65,1476.76,0
21.14,28.92,3.49,2999.67,0
55.73,84.63,5.23,3533.8,1
83.95,88.96,6.86,513.57,0
94.72,32.33,9.92,4968.57,1
39.04,55.21,12.75,1133.2,0
47.61,71.38,15.11,668.37,0
51.9,44.11,14.92,3786.9,1
50.38,76.45,9.49,811.23,0
20.95,94.18,8.98,3424.62,1
74.63,23.28,18.35,3223.38,1
54.54,93.44,17.17,1741.34,1
27.86,72.35,7.82,3888.44,0
78.75,67.1,3.9,1753.29,0
34.39,63.81,13.46,4175.28,0
27.82,28.31,8.92,1175.14,0
35.45,21.9,1.84,4698.68,0
86.84,96.04,12.76,3569.57,1
88.52,30.39,13.13,4509.5,1
97.37,91.68,13.91,1341.35,1
94.89,71.1,18.45,1454.28,1
92.27,81.59,6.47,893.63,1
82.17,50.62,6.65,394.29,0
41.17,55.25,9.83,4650.07,1
34.28,59.36,2.88,3866.67,0
71.47,93.01,14.31,606.11,1
65.71,40.05,8.92,4492.91,1
71.23,94.63,13.29,1405.54,1
92.37,65.97,10.31,4705.56,1
54.88,87.52,15.62,3948.37,1
20.26,96.33,16.36,2462.13,1
94.8,48.71,13.64,2063.01,1
96.71,27.25,10.69,4808.54,1
56.77,81.32,12.96,965.43,0
50.73,35.28,13.92,4492.66,1
48.74,26.79,12.66,3703.09,0
35.45,77.58,11.86,2497.24,0
63.24,44.62,10.68,4187.83,1
99.67,22.96,1.12,3960.11,0
29.45,84.57,13.35,2346.01,1
89.94,31.92,11.59,4631.6,1
31.33,72.31,9.42,4598.29,0
76.1,30.44,3.44,344.79,0
83.5,56.49,3.41,2996.11,1
28.51,59.77,15.98,1180.81,0
54.1,84.92,19.64,3424.15,1
98.07,66.08,2.75,4198.49,1
81.14,67.45,6.71,691.65,0
53.21,75.7,11.07,2249.44,1
23.26,28.0,16.95,3100.96,0
21.25,58.96,0.13,979.12,0
72.14,90.95,8.32,4056.32,1
75.39,36.49,12.8,2663.13,1
95.05,68.84,0.75,982.0,0
96.02,70.18,15.65,1804.48,1
38.85,29.4,10.6,568.85,0
80.89,63.18,4.39,3874.62,1
42.11,35.5,15.93,3457.69,1
57.95,34.11,13.4,311.27,0
42.81,54.77,6.69,4045.25,0
23.47,79.23,18.5,961.85,1
58.8,29.29,17.9,3634.88,1
46.08,35.9,13.54,1695.86,0
46.09,27.85,14.75,4362.44,1
37.65,57.68,9.69,4463.4,0
94.23,56.4,7.75,768.38,1
70.56,98.04,4.04,723.34,1
24.77,30.92,17.03,2347.04,0
47.49,90.91,12.07,3968.78,1
68.92,33.59,19.4,4289.52,1
88.56,59.14,19.91,2998.75,1
42.33,78.4,14.72,1308.61,0
66.36,91.35,11.84,829.95,1
20.41,98.41,0.8,2406.2,0
22.69,62.49,9.59,4010.29,0
56.2,39.24,11.17,160.87,0
95.99,30.62,5.92,3273.44,0
58.38,44.39,14.07,4303.82,1
21.95,56.39,15.44,4383.58,1
83.19,49.63,9.29,3203.67,1
25.66,91.47,6.66,260.3,0
41.58,95.69,10.85,3992.95,1
26.48,90.47,14.72,368.58,0
73.97,91.04,2.22,1891.4,1
49.25,34.02,11.18,428.33,0
36.38,98.5,4.77,656.43,0
95.13,66.41,19.18,1127.99,1
38.03,48.22,5.35,3433.11,0
25.07,47.62,9.72,2680.74,0
76.79,74.26,10.66,1532.1,1
83.99,95.63,16.18,4710.29,1
91.35,56.63,1.6,4499.93,1
96.53,28.75,5.52,3515.7,1
90.0,61.66,12.55,1536.53,1
63.31,30.56,6.93,2274.91,0
43.32,25.04,17.44,1238.41,0
71.57,52.94,6.86,3265.65,0
67.47,75.75,16.84,2281.76,1
30.56,83.15,3.43,1374.04,0
97.66,81.58,0.95,1830.29,1
33.31,93.93,14.24,1497.71,1
87.15,75.43,13.33,852.08,1
23.29,45.33,2.53,1376.0,0
65.0,22.78,6.34,1784.85,0
63.19,33.01,6.03,4610.13,0
59.95,31.63,9.16,1669.07,0
79.08,98.05,6.63,3556.71,1
43.19,95.52,19.61,2911.27,1
65.22,92.55,8.84,3476.82,1
92.01,31.15,11.02,1609.6,0
87.27,55.68,1.85,369.66,0
66.67,37.77,18.71,1461.84,0
63.07,55.64,13.43,528.15,0
35.56,45.42,12.1,4722.67,1
48.89,31.84,17.08,1911.19,0
42.77,48.11,19.55,4384.08,1
78.23,55.54,19.85,4038.06,1
84.45,97.63,8.48,4492.5,1
66.97,26.89,4.16,2425.6,0
98.93,25.29,19.2,3804.96,1
52.76,93.15,8.29,2823.49,1
80.42,30.95,3.72,1970.67,0
23.38,86.1,16.69,1589.18,1
57.08,22.15,0.05,1387.12,0
86.74,57.8,13.08,4474.16,1
59.35,75.03,4.9,684.84,0
99.55,25.34,14.91,2947.22,1
89.47,70.24,9.52,3501.8,1
61.0,66.02,16.91,897.95,1
45.57,90.27,2.71,900.21,0
53.56,92.97,7.12,1520.3,0
94.91,61.11,15.33,997.91,1
80.21,63.5,17.45,4151.43,1
44.09,74.84,13.77,569.58,0
85.87,21.03,10.36,1927.77,0
47.23,92.86,2.05,857.32,0
35.07,91.76,12.27,4173.94,1
62.57,64.09,15.13,658.44,1
26.11,85.51,18.47,2449.64,1
49.01,85.36,17.79,3028.48,1
47.36,76.79,0.58,4091.41,0
88.55,31.39,4.53,714.19,0
26.29,75.27,15.68,480.9,0
80.59,23.4,2.16,3985.97,0
24.74,29.51,5.06,424.61,0
80.36,82.59,18.4,1106.47,1
34.78,48.12,1.82,4244.72,0
95.9,47.83,3.21,2553.11,1
39.35,65.62,1.98,2932.86,0
37.36,35.32,5.64,4518.14,0
97.89,27.89,4.28,2570.56,0
49.32,67.15,8.79,4792.96,1
48.39,50.37,4.29,1215.02,0
98.77,29.89,2.21,765.97,0
76.38,64.57,0.81,1707.77,0
42.69,68.03,6.24,4883.28,1
64.31,43.25,17.11,1025.05,0
87.28,58.05,13.58,978.56,1
59.33,28.41,8.76,3326.89,0
31.47,52.05,11.81,598.44,0
98.23,25.18,19.5,1759.3,1
99.25,29.82,16.76,3653.48,1
77.08,66.55,5.46,3968.51,1
52.02,58.07,12.06,2081.77,0
42.31,81.44,2.16,1328.38,0
70.27,30.77,1.99,358.98,0
74.25,97.77,7.65,3428.1,1
69.76,27.71,1.53,3782.89,0
83.42,36.15,13.24,2502.23,1
47.49,88.77,10.93,4767.64,1
54.43,93.2,7.67,1641.34,0
56.77,22.63,11.13,4315.77,0
76.48,59.32,2.69,3607.04,1
28.75,74.0,13.2,3458.33,1
58.07,88.35,10.13,2017.79,1
97.67,69.36,7.06,4891.14,1
22.25,23.61,16.74,1809.5,0
22.15,91.31,6.83,577.02,0
48.59,48.1,13.22,1313.31,0
67.4,92.83,1.31,1594.07,0
21.58,46.09,9.22,4330.51,0
92.11,41.33,13.92,2981.15,1
50.22,51.22,11.45,4060.8,0
74.01,46.88,10.06,3848.03,1
69.19,49.07,8.72,2535.06,1
82.97,87.23,10.72,1508.04,1
99.7,52.16,4.52,3740.15,1
87.53,27.58,6.74,429.62,0
58.02,36.78,15.91,3292.53,1
84.33,54.63,10.8,1080.38,1
70.0,56.26,15.27,984.94,0
76.27,89.02,11.54,1143.47,1
79.38,57.38,18.74,2710.32,1
81.53,54.7,11.32,3171.12,1
49.14,31.82,3.01,3458.0,0
54.83,45.49,16.6,415.69,0
53.0,85.9,12.92,1356.59,1
52.47,29.08,3.84,1303.37,0
57.13,64.79,8.72,3269.92,0
32.75,30.91,5.17,4037.34,0
34.08,88.2,19.28,2480.63,1
88.77,26.71,12.03,4349.14,1
52.56,49.07,13.15,542.5,0
77.94,31.24,2.24,3698.95,0
61.76,86.32,18.99,4664.62,1
90.77,39.05,2.45,4052.77,0
66.75,51.2,14.97,1256.1,1
31.54,34.01,19.4,2253.43,0
67.16,59.23,7.49,4748.68,1
53.9,74.62,19.27,4409.22,1
49.04,77.25,16.43,203.26,1
68.47,87.32,13.24,4710.16,1
83.1,39.17,11.05,1615.42,1
49.03,84.98,2.44,4348.07,1
51.08,92.78,7.86,4892.16,1
27.22,85.82,4.71,1130.89,0
93.27,70.51,17.59,3857.03,1
22.71,89.32,16.46,4708.43,1
53.04,87.29,14.35,4396.13,1
85.95,75.88,10.13,1824.1,1
85.07,79.02,9.07,234.02,0
71.33,70.41,15.82,766.85,1
70.26,45.1,1.64,873.33,0
97.57,86.45,15.26,4250.11,1
83.41,45.55,9.57,3702.34,1
75.0,86.14,15.99,1073.45,1
34.55,90.11,18.9,4433.27,1
95.85,93.85,12.94,3170.47,1
97.93,35.86,14.03,926.9,1
54.31,40.81,1.78,1902.81,0
29.39,77.49,8.7,4607.95,1
73.89,29.48,14.27,1033.67,1
82.57,43.04,9.88,737.98,0
68.01,99.62,5.66,3418.22,1
52.68,31.68,5.8,1382.82,0
92.59,49.57,13.69,2345.0,1
30.66,45.86,13.86,3465.58,0
76.68,78.89,5.12,566.87,0
46.63,38.79,18.16,4984.02,1
97.38,67.86,14.96,323.01,1
69.57,44.2,7.89,1917.42,0
64.76,66.44,5.21,2568.36,1
90.23,30.55,6.35,2699.08,0
29.35,23.53,2.56,4371.23,0
79.83,94.1,5.66,4396.99,1
80.93,41.1,6.26,4474.09,1
99.57,81.09,3.03,4279.86,1
83.86,24.26,2.97,1226.32,0
40.82,76.48,8.73,4976.49,1
23.26,48.52,14.18,2477.48,0
87.67,89.35,2.47,558.53,1
34.45,33.46,10.17,1436.68,0
66.85,66.68,19.43,2677.48,1
53.31,26.15,15.37,3416.85,1
22.08,74.5,13.61,2031.43,0
96.1,86.96,3.08,497.21,1
72.76,56.32,19.1,3011.6,1
97.58,72.49,19.02,1692.09,1
78.75,96.59,11.38,1135.7,1
71.49,45.85,1.11,446.55,0
50.51,51.91,3.56,4828.74,1
27.14,88.19,3.26,3919.51,0
80.2,72.33,2.41,2505.14,0
84.51,44.81,13.7,743.3,1
86.56,61.01,9.79,4438.52,1
65.04,53.85,15.13,4073.87,1
54.73,54.08,0.81,1774.55,0
37.94,74.9,3.1,2527.08,0
61.97,43.26,8.75,4545.32,1
31.89,30.22,18.06,4223.54,1
43.64,23.82,1.53,320.97,0
53.99,27.56,13.22,2885.54,0
40.39,26.54,10.07,658.28,0
34.36,34.58,7.86,508.12,0
43.81,66.98,9.1,3384.27,1
41.21,97.34,17.43,1017.24,1
79.76,68.32,17.43,621.02,1
20.47,29.33,3.43,2437.89,0
89.5,97.26,12.04,2484.94,1
97.91,48.86,13.48,3482.44,1
44.21,30.01,0.28,648.37,0
97.64,88.72,4.18,3278.25,1
54.86,70.08,15.8,1035.48,1
57.07,57.92,0.44,913.92,0
76.21,97.11,9.43,4313.0,1
36.11,65.55,16.68,349.52,0
70.43,77.05,19.59,4258.22,1
67.67,64.34,5.82,2488.73,0
67.28,68.92,13.57,4101.78,1
77.14,62.26,8.44,1647.67,0
91.43,53.37,9.47,2524.47,1
47.74,75.8,0.42,1511.25,0
47.51,38.57,4.39,4554.44,0
68.17,87.4,13.14,742.68,1
76.91,96.78,16.66,3398.23,1
83.68,83.98,16.89,3147.03,1
79.94,73.36,2.58,1077.47,0
28.07,53.28,19.88,1587.89,0
23.76,21.45,17.62,1849.51,0
86.24,91.56,0.64,411.96,0
69.41,29.66,4.48,1363.33,0
48.42,23.73,17.55,1410.71,0
75.21,61.23,13.39,3561.38,1
55.03,56.57,16.83,643.56,0
68.85,82.57,18.95,4135.69,1
28.43,70.39,17.42,4563.83,1
43.37,55.32,10.12,3689.5,0
71.77,46.77,2.76,4258.12,0
53.26,81.52,4.91,4064.81,1
60.4,26.82,7.45,3798.74,0
73.2,32.13,15.07,2166.44,0
84.14,53.07,8.19,2347.89,1
83.57,48.94,0.6,813.36,0
84.5,95.49,1.7,1642.54,1
33.15,24.92,15.18,3334.86,0
92.2,24.62,12.63,3595.51,1
61.58,43.66,8.04,3436.27,0
44.35,79.42,18.18,138.72,0
62.22,93.64,14.01,2286.33,1
63.55,83.07,13.04,3517.61,1
82.53,52.36,3.95,1577.5,0
46.76,78.01,14.8,717.43,1
42.71,27.43,11.04,2654.55,0
32.8,22.23,15.93,3003.27,0
81.93,78.12,19.74,641.17,1
49.84,70.16,7.09,333.89,0
29.98,43.84,14.74,2320.42,0
84.43,99.12,11.31,4482.26,1
62.66,67.64,7.01,1494.22,0
77.19,73.79,14.29,2646.37,1
46.23,66.59,16.46,1870.21,0
76.93,86.28,1.64,404.75,0
58.1,55.69,7.39,2678.65,0
61.52,51.58,5.27,2544.25,0
55.21,94.48,9.79,4869.04,1
31.55,30.17,14.22,733.99,0
89.06,29.44,4.25,2419.44,0
95.53,49.55,19.04,3047.84,1
29.67,65.74,0.81,851.19,0
99.28,44.26,9.72,3976.9,1
67.17,23.89,17.89,4456.38,1
85.53,59.1,2.45,1808.38,0
53.41,65.84,11.32,4511.41,1
58.02,77.6,12.11,3833.56,1
56.87,55.99,8.98,4345.09,1
83.98,73.16,8.19,1240.83,1
63.28,96.65,17.8,3705.97,1
89.28,76.58,11.44,4001.18,1
64.88,29.9,11.19,1042.89,0
66.15,24.23,11.4,1028.04,0
91.75,29.62,18.72,980.74,1
82.94,39.62,14.11,4449.51,1
84.55,68.55,8.04,320.42,1
21.86,54.96,8.3,4312.28,0
40.57,29.17,1.99,923.96,0
40.44,27.17,6.14,2095.65,0
69.16,46.02,0.54,386.66,0
45.6,53.03,6.48,1940.01,0
29.68,36.2,15.04,2971.54,0
80.19,50.8,2.3,397.1,0
52.57,58.73,8.15,1245.33,0
41.53,97.08,13.5,1306.95,1
82.82,44.37,8.13,511.15,0
36.28,97.43,7.47,4928.01,1
63.0,53.9,18.23,2313.54,1
57.17,86.35,5.78,4863.2,1
94.68,58.57,11.96,4213.49,1
48.11,70.58,11.7,2600.61,0
79.13,65.05,6.01,2036.99,0
31.17,64.52,5.59,2216.62,0
96.59,45.46,13.64,1778.91,1
80.22,56.22,4.92,4916.81,1
56.78,67.96,0.32,3490.04,0
20.16,58.12,18.03,3396.26,1
91.62,76.26,15.25,2736.84,1
71.93,26.2,0.62,4177.21,0
73.78,48.24,16.26,4154.59,1
34.17,81.44,13.94,141.31,0
94.9,55.57,4.43,196.93,0
93.71,48.63,1.8,3105.87,0
77.42,38.74,9.88,1878.7,0
92.36,76.56,4.18,1060.83,1
51.69,89.59,11.38,2520.66,1
72.79,65.26,13.65,2869.19,1
30.26,25.2,5.19,2892.53,0
61.85,82.58,3.84,3422.1,1
75.44,62.64,5.06,2844.57,1
95.03,71.28,18.86,354.13,1
54.6,99.61,5.48,3432.85,1
48.92,80.72,17.68,1200.29,1
53.6,55.91,0.1,1053.58,0
65.75,22.03,14.75,4892.67,1
25.96,40.0,3.29,1622.95,0
27.74,58.4,16.16,3003.4,1
46.74,40.03,2.16,1267.96,0
24.35,46.69,15.88,4723.38,1
69.57,81.13,12.51,2936.78,1
24.85,22.67,6.27,4253.69,0
30.2,93.53,8.84,1577.21,0
25.26,74.21,11.19,1545.09,0
27.67,80.16,4.66,3037.92,0
20.85,50.71,15.9,4411.7,1
47.17,95.01,15.66,2324.98,1
35.4,28.22,11.9,430.97,0
35.49,65.86,12.75,1355.8,0
77.97,55.57,4.86,4005.43,0
44.93,54.87,19.19,3796.43,1
90.82,82.04,2.95,1612.5,1
49.51,20.65,11.73,3423.67,0
60.57,86.81,17.17,2168.1,1
36.03,92.68,15.71,1773.6,1
75.58,98.55,12.0,1722.61,1
97.05,69.29,8.37,895.17,1
83.14,23.38,4.39,118.12,0
38.42,69.91,4.78,3699.47,0
46.52,79.21,4.11,1002.8,0
49.03,25.9,0.6,664.43,0
35.55,66.85,15.31,315.13,0
35.83,33.93,17.71,3622.3,0
64.36,34.28,0.43,4230.12,0
21.68,74.2,7.58,3958.33,0
94.89,44.41,4.8,4066.49,1
95.29,98.17,19.95,4420.15,1
25.23,31.55,18.48,3995.0,0
50.26,49.94,11.99,4887.21,1
23.7,69.28,3.78,2723.79,0
46.21,24.26,15.91,4376.97,1
97.47,90.87,4.18,498.9,1
73.08,25.19,10.17,3781.41,1
60.73,59.89,9.29,1676.93,0
75.56,77.25,9.9,1414.84,1
93.69,66.72,0.73,1175.68,0
89.05,51.67,6.12,4454.67,1
94.84,49.93,11.01,758.22,0
55.56,48.13,11.68,2379.74,0
54.09,57.4,8.18,4042.07,1
50.59,34.37,4.68,3262.24,0
26.59,87.41,10.26,3253.91,1
94.13,27.87,1.43,287.58,0
35.73,46.34,6.05,4096.27,0
41.96,76.45,19.96,4992.18,1
79.19,92.99,0.17,1567.42,1
82.65,52.3,8.12,2941.77,1
57.76,61.01,15.22,831.48,0
38.15,79.93,9.49,2627.54,1
80.61,77.8,9.23,3980.38,1
35.03,81.61,13.96,1126.97,0
64.68,49.98,11.55,728.89,0
20.77,84.83,16.69,1765.13,0
74.86,52.27,15.57,2734.26,1
21.86,82.83,18.44,853.09,1
46.42,70.39,12.06,3078.4,1
98.41,36.34,7.81,2719.0,1
28.69,65.56,9.03,4484.24,0
28.35,64.23,0.64,3476.22,0
34.94,25.56,19.26,1490.71,0
72.77,25.6,1.15,2640.81,0
88.78,52.87,3.14,642.65,0
58.26,25.5,19.1,4341.93,1
36.45,54.58,14.19,2426.42,0
95.13,67.0,10.05,3455.7,1
20.6,31.42,1.28,2056.26,0
62.07,92.82,17.58,2355.0,1
78.98,43.03,17.62,2335.9,1
76.93,43.8,12.26,4068.93,1
39.93,92.0,14.66,2343.36,1
34.68,65.49,7.87,4733.87,0
89.64,41.9,12.56,1530.26,1
75.84,77.79,4.35,2518.09,1
64.23,99.63,1.53,615.6,0
46.08,56.07,5.06,2579.72,0
25.86,75.56,14.99,1967.66,1
88.46,51.73,0.21,661.95,0
46.17,79.89,9.7,434.36,0
39.38,96.0,2.81,4120.09,1
33.65,21.45,2.01,1541.31,0
51.27,26.21,15.27,3419.18,0
48.65,37.33,0.69,3407.72,0
75.74,86.92,16.23,3240.96,1
91.76,51.25,6.17,356.83,0
81.79,81.37,18.58,1935.76,1
27.31,53.73,19.79,1751.87,0
73.52,37.65,17.65,4004.93,1
33.43,33.36,8.31,627.65,0
64.96,35.16,4.14,2754.34,0
29.66,37.1,7.13,950.75,0
45.3,51.13,9.18,423.48,0
72.0,49.52,1.35,1170.95,0
67.91,98.65,2.04,2727.29,1
88.04,33.72,19.18,3039.35,1
75.71,74.23,19.45,3499.23,1
70.83,90.72,6.36,4272.62,1
46.81,68.68,11.7,1973.62,1
38.59,67.0,19.77,1239.77,1
91.74,44.71,14.76,3810.5,1
24.79,49.96,5.93,843.19,0
23.03,93.87,11.96,4734.79,1
46.3,42.25,12.87,3826.42,1
98.21,71.84,5.77,216.1,1
46.5,39.38,10.79,4542.5,1
39.87,74.99,14.39,3079.51,1
45.73,55.39,0.12,4362.35,0
35.4,70.75,2.83,1100.68,0
67.41,86.5,18.64,1257.92,1
78.0,44.92,14.43,1300.13,0
39.92,42.83,8.97,3214.46,0
82.5,26.4,19.45,2051.4,1
55.31,60.42,14.7,3825.59,1
83.48,21.58,7.63,4284.81,1
93.72,67.61,3.06,3660.58,1
57.09,56.29,7.5,3069.52,0
30.93,57.54,3.09,1029.17,0
60.06,78.03,9.83,4635.89,1
97.64,49.85,9.79,3241.14,1
52.7,23.11,18.43,1985.65,0
35.54,54.9,5.11,4574.12,0
60.77,59.09,13.77,3512.63,1
94.12,78.85,4.85,269.09,1
70.48,74.11,13.95,3262.13,1
56.44,74.49,5.09,3050.53,1
87.32,20.99,15.42,3257.55,1
51.81,66.89,18.02,2640.83,1
53.84,86.38,5.06,1580.88,1
72.68,50.62,6.16,2116.88,0
78.21,27.11,12.72,3905.79,1
31.42,79.9,18.6,2050.05,1
98.96,85.31,0.03,442.22,0
62.0,72.36,14.66,936.11,1
76.32,35.84,3.64,4747.57,0
85.15,34.85,1.18,995.37,0
40.75,92.18,8.18,3171.5,1
89.47,33.29,5.86,1950.87,0
47.37,66.85,9.56,3396.74,0
24.88,80.14,0.14,2953.98,0
27.75,61.79,0.15,3054.63,0
80.91,94.57,9.46,1751.45,1
49.66,91.21,19.99,4102.55,1
73.21,50.27,1.14,1844.54,0
28.01,56.55,13.97,3653.58,1
31.11,68.15,17.38,1469.39,1
85.2,49.47,12.37,3328.49,1
53.05,35.03,19.72,4791.98,1
21.33,48.82,0.92,4057.03,0
55.54,68.54,8.0,3101.7,0
54.23,94.52,18.62,4935.67,1
92.42,78.74,5.88,1055.88,1
61.6,65.75,17.14,2572.72,1
83.75,44.11,13.46,2788.86,1
33.44,55.7,2.31,3346.95,0
36.93,80.26,13.19,538.22,0
77.26,32.82,18.58,4522.98,1
37.63,40.61,9.53,4497.8,0
30.86,62.76,14.51,543.16,0
89.76,94.54,15.33,3043.33,1
50.16,77.4,14.72,1970.09,1
64.95,88.49,16.17,1195.4,1
27.01,27.13,14.81,4692.33,0
29.29,49.42,17.07,4774.94,1
20.13,24.95,10.71,4250.88,0
45.57,49.2,13.59,4003.17,1
68.13,37.77,7.91,2737.64,0
31.58,95.43,16.74,2549.18,1
68.12,31.67,13.31,4026.33,1
67.91,44.71,19.81,704.97,1
76.52,58.26,16.57,2525.63,1
50.14,98.49,6.66,4156.64,1
78.61,84.83,14.01,357.57,1
34.32,59.0,7.84,4923.51,1
87.88,99.29,10.96,1753.31,1
99.23,80.62,7.82,2686.44,1
75.71,35.61,17.13,2029.49,1
80.18,66.43,16.1,4264.07,1
56.6,33.1,2.75,3510.18,0
31.59,37.45,14.97,3703.06,0
78.08,66.05,13.57,4943.57,1
96.03,54.17,16.83,4637.33,1
97.93,34.37,1.05,4903.36,1
67.47,97.58,12.54,2079.57,1
39.27,59.09,13.76,4777.32,1
50.03,75.34,15.91,3326.74,1
89.19,72.02,5.5,3300.66,1
29.6,26.61,9.78,3377.08,0
21.84,65.84,11.45,1441.25,0
83.55,34.49,9.68,3258.52,1
65.71,27.96,1.27,4553.51,0
34.79,85.03,0.39,2824.69,0
84.98,59.09,10.38,2965.14,1
83.21,29.93,15.06,4831.84,1
34.45,67.93,3.6,2818.14,0
29.84,30.31,4.12,889.93,0
88.12,22.8,19.6,2580.13,1
63.55,53.84,18.9,100.42,0
95.7,61.56,15.66,3329.87,1
66.17,75.61,10.45,4931.5,1
63.06,36.79,1.98,4116.84,0
35.05,43.98,16.65,4791.37,1
37.28,48.73,2.57,3149.33,0
40.4,50.54,18.07,2060.29,0
40.33,54.03,13.89,2725.93,0
78.61,99.63,13.94,1043.87,1
72.59,85.64,12.1,2156.46,1
99.4,54.69,0.52,3057.68,0
29.97,28.8,10.97,423.2,0
49.03,46.68,5.47,4357.39,0
20.79,50.17,19.38,1955.3,0
94.05,34.06,14.57,1602.09,1
59.17,62.32,14.01,4340.45,1
68.6,91.73,3.41,4737.9,1
47.61,79.3,19.36,2705.24,1
87.97,58.15,2.55,146.54,0
32.44,30.11,7.58,3703.57,0
78.03,97.96,14.15,1320.65,1
76.54,34.65,19.72,4012.5,1
42.07,54.22,18.83,4418.8,1
44.41,88.63,18.95,2091.92,1
27.21,26.36,14.6,4729.85,0
24.59,79.47,11.08,2514.97,0
96.97,53.92,10.17,3680.91,1
61.2,99.84,17.76,3519.62,1
69.3,92.87,14.92,3599.38,1
79.97,39.54,14.78,4759.26,1
90.43,62.25,12.18,3076.13,1
73.96,90.55,10.47,1202.84,1
87.15,61.09,19.05,2171.34,1
49.86,29.06,18.28,1323.85,0
81.31,29.43,5.98,1538.37,0
79.04,65.51,4.35,1593.62,1
71.44,86.06,0.71,2368.98,0
59.06,48.46,12.31,1709.9,0
20.41,91.22,3.72,1837.21,0
59.36,26.78,10.29,853.18,0
58.99,32.45,13.13,1207.87,0
43.94,54.27,3.64,4076.56,0
55.09,87.15,3.24,1833.32,0
48.74,89.64,3.97,1028.88,0
51.56,79.51,18.02,885.53,1
58.34,73.22,5.32,2163.37,0
83.99,77.15,6.5,3845.52,1
60.15,93.88,16.86,2005.36,1
28.63,21.69,3.11,2550.0,0
38.92,74.26,6.84,4884.55,1
54.75,43.16,9.72,3828.41,0
32.2,60.9,4.99,3856.97,0
99.54,39.79,16.41,1072.22,1
84.8,76.09,10.05,987.82,1
67.3,70.76,4.59,748.25,0
99.23,94.33,8.53,3120.69,1
24.08,52.58,6.13,3203.22,0
46.89,58.34,10.2,3254.98,0
41.54,42.44,7.02,2148.56,0
23.8,23.27,1.04,3749.3,0
57.76,92.68,2.02,1005.72,0
49.09,44.35,1.94,166.94,0
88.96,46.5,14.83,1870.79,1
62.31,49.73,13.0,1129.16,0
90.98,30.44,14.85,689.74,1
92.97,72.35,3.81,3552.83,1
25.99,63.73,6.86,3654.22,0
36.16,77.66,0.88,1039.36,0
40.2,90.17,17.07,4543.39,1
91.59,55.88,14.35,4563.16,1
53.52,94.51,10.08,207.19,0
75.74,30.31,0.91,2874.26,0
75.5,79.26,7.95,3455.0,1
97.72,33.24,15.01,1982.34,1
52.07,41.72,3.68,884.01,0
75.74,90.33,15.81,2331.66,1
62.01,44.27,4.41,3570.45,0
33.69,23.65,4.76,291.54,0
90.69,94.18,5.41,3974.04,1
39.92,85.87,10.69,106.86,0
68.41,49.53,1.66,3556.76,0
77.77,52.67,12.23,1690.71,0
85.27,85.91,4.39,4829.61,1
97.73,62.99,19.58,3913.11,1
28.52,79.66,7.64,3303.74,0
70.74,64.07,16.34,1181.13,1
66.53,84.62,15.06,862.64,1
78.1,49.49,18.04,559.09,1
34.8,88.99,3.78,2503.54,0
71.81,21.68,3.26,970.9,0
68.63,25.56,1.44,1301.74,0
97.63,28.02,10.54,3661.15,1
68.26,50.23,0.41,4150.16,0
71.56,23.5,4.97,509.62,0
70.19,21.08,19.33,4792.33,1
78.89,47.07,14.15,1091.38,1
65.03,55.55,3.26,1725.61,0
24.47,75.36,12.55,703.07,0
28.23,43.74,10.23,4198.77,0
92.97,21.92,8.54,822.14,0
38.07,90.32,7.69,4432.7,1
28.99,33.56,2.2,598.51,0
48.58,69.26,2.37,4624.27,1
91.65,68.36,3.56,2699.36,1
74.35,32.02,13.35,1577.66,1
47.87,28.31,18.32,3342.49,1
84.86,76.9,1.53,110.68,0
31.89,72.47,6.41,2013.94,0
82.84,58.27,1.35,2931.43,1
42.28,27.24,19.9,991.17,0
45.55,53.91,13.87,2128.33,1
46.68,84.17,13.08,1304.95,1
59.77,62.7,10.65,4124.88,1
66.48,53.75,11.56,3498.14,1
76.25,38.82,0.06,4970.14,0
64.67,96.61,18.42,391.93,1
87.9,89.34,16.38,1544.02,1
88.26,97.75,18.26,1288.24,1
24.47,31.02,19.24,3549.42,0
22.11,97.19,7.43,3536.87,1
25.9,86.99,17.41,247.91,0
26.32,26.17,11.38,4087.19,0
34.59,79.48,14.96,3522.96,1
52.92,46.99,15.63,3506.71,1
32.47,90.49,0.64,3780.55,0
20.87,86.61,13.6,4392.28,1
86.36,93.53,10.04,3575.83,1
32.54,97.85,10.43,4891.84,1
36.95,69.52,4.38,1000.1,0
64.74,87.34,16.33,2395.34,1
71.35,86.18,3.3,4036.36,1
35.58,28.67,1.56,3055.63,0
22.24,42.58,10.83,420.06,0
80.52,44.73,11.03,3228.11,1
41.53,98.13,11.3,2862.32,1
23.65,45.17,18.87,141.55,0
42.59,51.85,3.9,3784.03,0
97.91,76.21,1.95,2095.7,1
28.08,84.6,3.0,2977.16,0
66.91,88.16,5.8,842.54,0
90.82,27.46,14.37,4433.57,1
72.34,81.51,3.22,4821.97,1
78.3,72.11,18.6,1772.93,1
47.12,48.83,17.12,2211.42,1
81.93,51.01,4.18,3090.9,0
32.19,70.22,9.95,4043.16,0
89.64,63.77,19.38,3929.08,1
27.53,45.1,18.68,891.22,0
49.07,27.14,3.58,3882.51,0
57.86,40.48,17.53,3286.43,1
29.92,65.5,0.79,4309.12,0
88.56,93.37,2.58,1896.99,1
96.16,49.89,13.64,2579.12,1
90.04,74.6,12.41,3254.95,1
39.59,85.7,0.16,4279.99,0
32.66,51.94,1.46,2002.29,0
27.48,57.27,12.85,4510.62,1
26.87,78.54,18.35,4620.2,1
35.96,46.3,6.35,4982.55,0
76.18,58.1,5.57,287.58,0
57.6,71.22,6.4,253.48,0
50.42,94.92,7.23,2207.54,1
24.33,89.44,19.05,3449.99,1
70.85,26.69,1.39,2084.84,0
76.98,89.7,10.5,3381.26,1
86.44,27.4,18.03,1775.89,1
33.16,47.94,8.38,2429.95,0
32.86,75.74,7.09,3495.22,0
20.79,82.65,11.94,481.26,0
69.32,45.9,19.73,4700.95,1
78.94,45.32,3.01,2347.43,0
89.14,29.09,19.4,2091.29,1
20.29,56.04,16.65,716.01,0
97.56,27.8,4.37,4897.26,1
63.69,33.29,7.55,1805.62,0
97.74,66.15,0.29,4087.52,1
91.73,60.17,17.36,3526.65,1
56.48,52.83,7.04,2758.09,0
81.21,29.07,3.52,2199.08,0
67.59,63.42,7.63,4240.95,1
55.0,42.66,12.41,4633.16,1
99.63,84.48,2.08,3283.16,1
52.9,59.71,15.03,4643.42,1
55.53,66.5,0.65,1520.53,0
37.83,56.37,7.62,1058.25,0
29.96,97.41,18.28,2123.38,1
76.31,79.29,0.15,1935.75,0
42.69,90.37,5.29,4208.57,1
53.18,39.32,18.0,2131.33,0
32.27,49.95,16.33,4118.17,1
46.81,96.73,19.86,1284.97,1
35.41,71.55,16.57,4026.53,1
30.31,70.9,19.55,951.21,1
61.38,54.99,1.99,4025.74,0
70.52,82.74,16.86,3173.86,1
64.23,95.9,4.08,557.0,0
70.31,67.46,0.56,3567.12,1
26.3,50.59,14.85,739.69,0
70.52,48.65,4.79,4499.76,1
62.83,39.62,15.6,3951.64,1
72.74,42.0,18.7,3174.45,1
66.35,28.27,9.18,3019.88,0
42.6,91.57,1.86,2521.8,0
87.07,51.26,9.82,207.59,0
96.74,26.11,13.75,1938.75,1
92.66,84.68,3.6,149.69,0
65.38,68.53,0.63,4881.99,1
58.71,69.12,10.93,876.1,0
94.13,35.43,0.59,212.89,0
32.19,89.35,2.3,1163.09,0
37.58,78.22,18.8,1411.19,1
96.26,47.88,11.03,1542.17,1
59.66,61.01,8.0,1045.97,0
74.96,90.99,5.62,2024.85,1
81.32,44.93,15.88,4773.43,1
90.63,53.9,14.94,4097.87,1
68.58,54.35,11.34,1932.41,1
25.14,33.38,0.68,2605.65,0
43.48,86.13,12.9,4829.21,1
22.4,34.39,6.45,3975.39,0
25.81,72.56,7.44,3919.62,0
45.49,20.87,6.58,2380.35,0
91.9,64.93,7.71,3048.83,1
28.23,42.24,12.16,4428.46,1
25.99,91.41,8.44,3805.39,0
45.61,35.77,16.05,2543.39,1
53.7,29.93,3.42,1701.69,0
66.11,42.8,12.87,4294.91,1
92.93,42.75,16.83,2073.77,1
93.44,23.13,12.9,440.33,0
84.2,77.86,5.49,3793.09,1
64.52,45.05,12.25,2027.3,1
56.37,87.89,19.34,694.92,1
69.44,22.34,0.96,150.94,0
45.83,75.01,8.71,933.94,0
92.18,49.51,18.06,4948.87,1
89.44,40.78,15.7,642.94,1
26.0,46.35,12.26,4081.18,0
33.63,31.02,9.21,718.81,0
80.24,91.02,19.32,2125.14,1
29.79,62.21,11.56,3340.22,1
45.75,78.47,4.52,1392.68,0
26.62,64.68,17.46,3331.46,1
36.47,26.24,19.44,395.31,0
37.29,85.48,3.76,612.22,0
67.24,62.21,17.17,3826.39,1
56.32,32.32,10.09,4579.21,0
49.09,98.01,17.36,2615.97,1
35.04,42.23,3.28,1605.02,0
71.87,31.78,17.52,3750.63,1
91.53,34.96,0.57,3343.24,0
41.25,94.15,1.68,2214.22,0
60.18,60.63,1.06,1435.69,0
71.89,78.56,8.45,1540.63,1
67.52,62.37,9.87,2224.47,1
71.71,96.72,4.39,360.38,0
41.29,25.27,2.02,1209.68,0
77.27,51.35,2.03,3696.23,1
41.46,36.46,15.71,1803.4,0
67.71,78.71,1.88,2565.88,0
58.14,44.43,18.13,1269.24,0
25.56,34.99,18.0,794.98,0
57.97,46.72,3.55,1392.78,0
74.34,88.25,11.88,4850.75,1
59.06,39.8,2.19,4112.74,0
99.23,86.83,10.51,919.79,1
27.51,44.37,14.72,2317.82,0
99.18,40.59,9.73,1885.02,0
48.21,76.81,17.83,3895.18,1
92.17,67.66,2.26,3460.34,1
21.66,98.29,17.13,3330.9,1
59.83,39.55,14.82,4869.12,1
79.55,35.51,19.1,3229.8,1
90.17,74.3,17.98,2301.42,1
62.15,41.22,13.58,4451.18,1
53.38,99.52,6.19,301.39,0
47.46,68.99,8.67,2329.64,1
83.39,43.07,19.39,2544.74,1
57.31,32.02,19.33,3156.6,1
44.29,43.06,16.0,176.4,0
42.64,67.45,1.06,1598.53,0
72.82,20.05,5.03,1816.07,0
88.72,73.23,15.38,859.68,1
41.65,99.67,3.93,2967.6,0
37.51,57.85,7.09,4077.37,0
53.81,97.35,1.96,1380.18,0
44.86,65.11,13.58,1680.15,0
74.67,35.96,2.71,2815.99,0
26.85,65.33,12.57,2774.57,0
90.07,54.95,2.77,2265.32,0
94.79,77.01,9.37,2195.58,1
52.82,22.21,11.18,4791.71,0
80.47,69.22,6.05,1288.96,0
30.18,63.46,11.31,1537.38,0
51.41,52.24,0.12,4056.66,0
56.82,24.35,1.09,4166.48,0
46.68,27.79,5.81,2459.19,0
24.87,79.24,13.49,3722.88,0
36.41,31.53,14.81,2526.99,0
74.05,88.18,6.02,1623.37,1
20.52,58.8,13.76,662.07,0
68.3,29.68,1.94,1101.04,0
86.62,55.51,1.11,696.88,0
98.62,85.62,16.83,2778.92,1
74.51,88.75,12.34,2218.53,1
34.78,85.48,13.15,936.8,0
63.73,58.09,5.8,3370.92,1
59.44,73.42,7.82,3518.5,1
53.35,53.99,0.56,2339.7,0
20.88,44.22,12.9,4476.78,0
23.41,92.56,19.26,2392.74,1
42.15,98.54,7.15,4293.61,1
47.91,76.5,7.81,407.55,0
48.15,77.54,6.79,3604.39,1
42.27,81.01,6.06,2030.25,0
71.61,50.12,9.44,3328.96,1
94.19,82.03,10.51,734.17,1
96.42,47.85,12.35,2078.49,1
88.16,32.73,1.93,620.48,0
58.11,80.79,19.63,4061.92,1
38.93,91.98,3.48,4473.12,1
53.6,25.15,12.24,660.92,0
25.83,81.07,12.13,4219.33,1
45.69,75.9,7.55,4945.47,1
35.98,40.2,8.75,1501.84,0
32.97,85.11,16.17,1042.25,1
70.33,73.49,4.07,4069.04,1
48.76,52.64,10.93,452.63,0
78.4,92.88,12.84,2531.26,1
65.63,57.9,7.04,3130.55,1
31.03,25.37,8.55,1942.98,0
26.25,82.59,5.96,677.84,0
68.12,46.47,4.48,4709.03,1
40.11,76.26,1.36,4370.22,0
25.98,66.03,17.06,4665.86,1
51.94,24.53,13.95,643.28,0
93.39,41.04,0.6,1756.42,0
46.76,81.18,2.79,2780.73,0
93.93,73.07,17.57,1254.52,1
